Bölge,AUC,F1,Recall,Precision,Threshold,Brier
MED,0.7585532224646728,0.35368477676169985,0.5729847494553377,0.25578681190429875,0.22,0.08798972375071977
CON,0.7192150082775083,0.27053140096618356,0.3888888888888889,0.2074074074074074,0.09999999999999999,0.0878770026176614
BLK,0.774724003336926,0.3835227272727273,0.4753521126760563,0.32142857142857145,0.2,0.08772932189756291
